1,2,3,4,5,6,7,8,9,10,11,12,13,14,15,16,17,18,19,20,21
PassengerId,Survived,Pclass,Sex_num,Age_adj,SibSp,Parch,Embarked_num,class_sx,y_1,y_2,y_3,y_4,y_5,y_6,y_7,y_8,y_9,y_10,y_11,y_12
731,1,1,2,29,0,0,1,7,0,0,0,0,0,0,1,0,0,0,0,0
298,1,1,2,2,1,2,1,1,1,0,0,0,0,0,0,0,0,0,0,0
499,0,1,2,25,1,2,1,1,1,0,0,0,0,0,0,0,0,0,0,0
276,0,1,2,63,1,0,1,7,0,0,0,0,0,0,1,0,0,0,0,0
572,1,1,2,53,2,0,1,7,0,0,0,0,0,0,1,0,0,0,0,0
701,1,1,2,18,1,0,3,7,0,0,0,0,0,0,1,0,0,0,0,0
370,0,1,2,24,0,0,3,7,0,0,0,0,0,0,1,0,0,0,0,0
291,1,1,2,26,0,0,1,7,0,0,0,0,0,0,1,0,0,0,0,0
300,0,1,2,50,0,1,3,7,0,0,0,0,0,0,1,0,0,0,0,0
219,1,1,2,32,0,0,3,7,0,0,0,0,0,0,1,0,0,0,0,0
872,1,1,2,47,1,1,1,7,0,0,0,0,0,0,1,0,0,0,0,0
381,1,1,2,42,0,0,3,7,0,0,0,0,0,0,1,0,0,0,0,0
292,1,1,2,19,1,0,3,7,0,0,0,0,0,0,1,0,0,0,0,0
270,0,1,2,35,0,0,1,7,0,0,0,0,0,0,1,0,0,0,0,0
12,0,1,2,58,0,0,1,7,0,0,0,0,0,0,1,0,0,0,0,0
357,1,1,2,22,0,1,1,7,0,0,0,0,0,0,1,0,0,0,0,0
195,1,1,2,44,0,0,3,7,0,0,0,0,0,0,1,0,0,0,0,0
338,1,1,2,41,0,0,3,7,0,0,0,0,0,0,1,0,0,0,0,0
436,1,1,2,14,1,2,1,7,0,0,0,0,0,0,1,0,0,0,0,0
764,1,1,2,36,1,2,1,7,0,0,0,0,0,0,1,0,0,0,0,0
810,1,1,2,33,1,0,1,7,0,0,0,0,0,0,1,0,0,0,0,0
258,1,1,2,30,0,0,1,7,0,0,0,0,0,0,1,0,0,0,0,0
167,1,1,2,34.94,0,1,1,7,0,0,0,0,0,0,1,0,0,0,0,0
709,1,1,2,22,0,0,1,7,0,0,0,0,0,0,1,0,0,0,0,0
836,1,1,2,39,1,1,3,7,0,0,0,0,0,0,1,0,0,0,0,0
541,0,1,2,36,0,2,1,7,0,0,0,0,0,0,1,0,0,0,0,0
2,1,1,2,38,1,0,3,7,0,0,0,0,0,0,1,0,0,0,0,0
782,1,1,2,17,1,0,1,7,0,0,0,0,0,0,1,0,0,0,0,0
557,1,1,2,48,1,0,3,7,0,0,0,0,0,0,1,0,0,0,0,0
717,1,1,2,38,0,0,3,7,0,0,0,0,0,0,1,0,0,0,0,0
497,0,1,2,54,1,0,3,7,0,0,0,0,0,0,1,0,0,0,0,0
307,1,1,2,34.94,0,0,3,7,0,0,0,0,0,0,1,0,0,0,0,0
342,1,1,2,24,3,2,1,7,0,0,0,0,0,0,1,0,0,0,0,0
89,0,1,2,23,3,2,1,7,0,0,0,0,0,0,1,0,0,0,0,0
310,0,1,2,30,0,0,3,7,0,0,0,0,0,0,1,0,0,0,0,0
335,1,1,2,34.94,1,0,1,7,0,0,0,0,0,0,1,0,0,0,0,0
540,1,1,2,22,0,2,3,7,0,0,0,0,0,0,1,0,0,0,0,0
4,0,1,2,35,1,0,1,7,0,0,0,0,0,0,1,0,0,0,0,0
850,0,1,2,34.94,1,0,3,7,0,0,0,0,0,0,1,0,0,0,0,0
888,1,1,2,19,0,0,1,7,0,0,0,0,0,0,1,0,0,0,0,0
269,1,1,2,58,0,1,1,7,0,0,0,0,0,0,1,0,0,0,0,0
53,1,1,2,49,1,0,3,7,0,0,0,0,0,0,1,0,0,0,0,0
231,1,1,2,35,1,0,1,7,0,0,0,0,0,0,1,0,0,0,0,0
311,0,1,2,24,0,0,3,7,0,0,0,0,0,0,1,0,0,0,0,0
821,0,1,2,52,1,1,1,7,0,0,0,0,0,0,1,0,0,0,0,0
330,1,1,2,16,0,1,3,7,0,0,0,0,0,0,1,0,0,0,0,0
524,1,1,2,44,0,1,3,7,0,0,0,0,0,0,1,0,0,0,0,0
766,1,1,2,51,1,0,1,7,0,0,0,0,0,0,1,0,0,0,0,0
384,1,1,2,35,1,0,1,7,0,0,0,0,0,0,1,0,0,0,0,0
487,1,1,2,35,1,0,1,7,0,0,0,0,0,0,1,0,0,0,0,0
62,0,1,2,38,0,0,3,7,0,0,0,0,0,0,1,0,0,0,0,0
178,0,1,2,50,0,0,3,1,1,0,0,0,0,0,0,0,0,0,0,0
458,1,1,2,34.94,1,0,1,7,0,0,0,0,0,0,1,0,0,0,0,0
797,0,1,2,49,0,0,1,7,0,0,0,0,0,0,1,0,0,0,0,0
538,1,1,2,30,0,0,3,7,0,0,0,0,0,0,1,0,0,0,0,0
854,1,1,2,16,0,1,1,7,0,0,0,0,0,0,1,0,0,0,0,0
628,1,1,2,21,0,0,1,7,0,0,0,0,0,0,1,0,0,0,0,0
196,1,1,2,58,0,0,3,7,0,0,0,0,0,0,1,0,0,0,0,0
690,0,1,2,15,0,1,1,7,0,0,0,0,0,0,1,0,0,0,0,0
505,1,1,2,16,0,0,1,7,0,0,0,0,0,0,1,0,0,0,0,0
711,1,1,2,24,0,0,3,7,0,0,0,0,0,0,1,0,0,0,0,0
376,1,1,2,34.94,1,0,3,7,0,0,0,0,0,0,1,0,0,0,0,0
413,0,1,2,33,1,0,2,7,0,0,0,0,0,0,1,0,0,0,0,0
216,1,1,2,31,1,0,3,7,0,0,0,0,0,0,1,0,0,0,0,0
394,1,1,2,23,1,0,3,7,0,0,0,0,0,0,1,0,0,0,0,0
137,1,1,2,19,0,2,1,7,0,0,0,0,0,0,1,0,0,0,0,0
152,1,1,2,22,1,0,1,7,0,0,0,0,0,0,1,0,0,0,0,0
308,0,1,2,17,1,0,3,7,0,0,0,0,0,0,1,0,0,0,0,0
521,1,1,2,30,0,0,1,7,0,0,0,0,0,0,1,0,0,0,0,0
880,1,1,2,56,0,1,3,7,0,0,0,0,0,0,1,0,0,0,0,0
780,0,1,2,43,0,1,1,7,0,0,0,0,0,0,1,0,0,0,0,0
760,1,1,2,33,0,0,1,7,0,0,0,0,0,0,1,0,0,0,0,0
514,1,1,2,54,1,0,3,7,0,0,0,0,0,0,1,0,0,0,0,0
312,0,1,2,18,2,2,3,7,0,0,0,0,0,0,1,0,0,0,0,0
743,0,1,2,21,2,2,3,7,0,0,0,0,0,0,1,0,0,0,0,0
642,1,1,2,24,0,0,3,7,0,0,0,0,0,0,1,0,0,0,0,0
843,1,1,2,30,0,0,3,7,0,0,0,0,0,0,1,0,0,0,0,0
610,1,1,2,40,0,0,1,7,0,0,0,0,0,0,1,0,0,0,0,0
578,1,1,2,39,1,0,1,7,0,0,0,0,0,0,1,0,0,0,0,0
320,1,1,2,40,1,1,3,7,0,0,0,0,0,0,1,0,0,0,0,0
32,0,1,2,34.94,1,0,3,7,0,0,0,0,0,0,1,0,0,0,0,0
592,0,1,2,52,1,0,3,7,0,0,0,0,0,0,1,0,0,0,0,0
830,1,1,2,62,0,0,3,7,0,0,0,0,0,0,1,0,0,0,0,0
863,0,1,2,48,0,0,1,7,0,0,0,0,0,0,1,0,0,0,0,0
586,0,1,2,18,0,2,1,7,0,0,0,0,0,0,1,0,0,0,0,0
559,1,1,2,39,1,1,1,7,0,0,0,0,0,0,1,0,0,0,0,0
670,1,1,2,34.94,1,0,1,7,0,0,0,0,0,0,1,0,0,0,0,0
582,0,1,2,39,1,1,3,7,0,0,0,0,0,0,1,0,0,0,0,0
257,1,1,2,34.94,0,0,3,7,0,0,0,0,0,0,1,0,0,0,0,0
259,0,1,2,35,0,0,3,7,0,0,0,0,0,0,1,0,0,0,0,0
367,1,1,2,60,1,0,3,7,0,0,0,0,0,0,1,0,0,0,0,0
319,1,1,2,31,0,2,1,7,0,0,0,0,0,0,1,0,0,0,0,0
857,0,1,2,45,1,1,1,7,0,0,0,0,0,0,1,0,0,0,0,0
326,1,1,2,36,0,0,3,7,0,0,0,0,0,0,1,0,0,0,0,0
875,1,2,2,28,1,0,3,9,0,0,0,0,0,0,0,0,1,0,0,0
519,1,2,2,36,1,0,1,9,0,0,0,0,0,0,0,0,1,0,0,0
328,0,2,2,36,0,0,1,9,0,0,0,0,0,0,0,0,1,0,0,0
547,0,2,2,19,1,0,1,9,0,0,0,0,0,0,0,0,1,0,0,0
619,1,2,2,4,2,1,1,9,0,0,0,0,0,0,0,0,1,0,0,0
346,0,2,2,24,0,0,1,9,0,0,0,0,0,0,0,0,1,0,0,0
671,1,2,2,40,1,1,1,9,0,0,0,0,0,0,0,0,1,0,0,0
388,1,2,2,36,0,0,1,9,0,0,0,0,0,0,0,0,1,0,0,0
866,1,2,2,42,0,0,1,9,0,0,0,0,0,0,0,0,1,0,0,0
324,1,2,2,22,1,1,1,9,0,0,0,0,0,0,0,0,1,0,0,0
212,1,2,2,35,0,0,1,9,0,0,0,0,0,0,0,0,1,0,0,0
855,1,2,2,44,1,0,1,3,0,0,1,0,0,0,0,0,0,0,0,0
581,1,2,2,25,1,1,1,9,0,0,0,0,0,0,0,0,1,0,0,0
427,0,2,2,28,1,0,1,9,0,0,0,0,0,0,0,0,1,0,0,0
238,1,2,2,8,0,2,1,9,0,0,0,0,0,0,0,0,1,0,0,0
802,1,2,2,31,1,1,1,9,0,0,0,0,0,0,0,0,1,0,0,0
636,1,2,2,28,0,0,1,9,0,0,0,0,0,0,0,0,1,0,0,0
652,0,2,2,18,0,1,1,9,0,0,0,0,0,0,0,0,1,0,0,0
99,1,2,2,34,0,1,1,9,0,0,0,0,0,0,0,0,1,0,0,0
417,1,2,2,34,1,1,1,9,0,0,0,0,0,0,0,0,1,0,0,0
867,0,2,2,27,1,0,3,9,0,0,0,0,0,0,0,0,1,0,0,0
54,0,2,2,29,1,0,1,9,0,0,0,0,0,0,0,0,1,0,0,0
358,1,2,2,38,0,0,1,3,0,0,1,0,0,0,0,0,0,0,0,0
577,1,2,2,34,0,0,1,9,0,0,0,0,0,0,0,0,1,0,0,0
248,0,2,2,24,0,2,1,9,0,0,0,0,0,0,0,0,1,0,0,0
721,1,2,2,6,0,1,1,9,0,0,0,0,0,0,0,0,1,0,0,0
536,1,2,2,7,0,2,1,9,0,0,0,0,0,0,0,0,1,0,0,0
441,1,2,2,45,1,1,1,9,0,0,0,0,0,0,0,0,1,0,0,0
616,0,2,2,24,1,2,1,9,0,0,0,0,0,0,0,0,1,0,0,0
755,1,2,2,48,1,2,1,9,0,0,0,0,0,0,0,0,1,0,0,0
16,0,2,2,55,0,0,1,9,0,0,0,0,0,0,0,0,1,0,0,0
775,1,2,2,54,1,3,1,9,0,0,0,0,0,0,0,0,1,0,0,0
85,1,2,2,17,0,0,1,9,0,0,0,0,0,0,0,0,1,0,0,0
601,1,2,2,24,2,1,1,9,0,0,0,0,0,0,0,0,1,0,0,0
474,1,2,2,23,0,0,3,9,0,0,0,0,0,0,0,0,1,0,0,0
317,1,2,2,24,1,0,1,9,0,0,0,0,0,0,0,0,1,0,0,0
304,0,2,2,28.08,0,0,2,9,0,0,0,0,0,0,0,0,1,0,0,0
707,1,2,2,45,0,0,1,9,0,0,0,0,0,0,0,0,1,0,0,0
313,0,2,2,26,1,1,1,3,0,0,1,0,0,0,0,0,0,0,0,0
44,1,2,2,3,1,2,3,9,0,0,0,0,0,0,0,0,1,0,0,0
609,0,2,2,22,1,2,3,9,0,0,0,0,0,0,0,0,1,0,0,0
390,1,2,2,17,0,0,3,9,0,0,0,0,0,0,0,0,1,0,0,0
597,0,2,2,28.08,0,0,1,9,0,0,0,0,0,0,0,0,1,0,0,0
517,0,2,2,34,0,0,1,9,0,0,0,0,0,0,0,0,1,0,0,0
433,1,2,2,42,1,0,1,9,0,0,0,0,0,0,0,0,1,0,0,0
773,0,2,2,57,0,0,1,3,0,0,1,0,0,0,0,0,0,0,0,0
447,0,2,2,13,0,1,1,9,0,0,0,0,0,0,0,0,1,0,0,0
273,1,2,2,41,0,1,1,9,0,0,0,0,0,0,0,0,1,0,0,0
10,1,2,2,14,1,0,3,9,0,0,0,0,0,0,0,0,1,0,0,0
67,0,2,2,29,0,0,1,9,0,0,0,0,0,0,0,0,1,0,0,0
260,1,2,2,50,0,1,1,9,0,0,0,0,0,0,0,0,1,0,0,0
428,0,2,2,19,0,0,1,9,0,0,0,0,0,0,0,0,1,0,0,0
191,0,2,2,32,0,0,1,9,0,0,0,0,0,0,0,0,1,0,0,0
531,0,2,2,2,1,1,1,9,0,0,0,0,0,0,0,0,1,0,0,0
507,0,2,2,33,0,2,1,9,0,0,0,0,0,0,0,0,1,0,0,0
727,0,2,2,30,3,0,1,9,0,0,0,0,0,0,0,0,1,0,0,0
444,1,2,2,28,0,0,1,9,0,0,0,0,0,0,0,0,1,0,0,0
438,0,2,2,24,2,3,1,9,0,0,0,0,0,0,0,0,1,0,0,0
527,1,2,2,50,0,0,1,9,0,0,0,0,0,0,0,0,1,0,0,0
57,1,2,2,21,0,0,1,9,0,0,0,0,0,0,0,0,1,0,0,0
881,1,2,2,25,0,1,1,9,0,0,0,0,0,0,0,0,1,0,0,0
418,0,2,2,18,0,2,1,9,0,0,0,0,0,0,0,0,1,0,0,0
748,1,2,2,30,0,0,1,9,0,0,0,0,0,0,0,0,1,0,0,0
323,0,2,2,30,0,0,2,9,0,0,0,0,0,0,0,0,1,0,0,0
347,0,2,2,40,0,0,1,9,0,0,0,0,0,0,0,0,1,0,0,0
459,0,2,2,50,0,0,1,9,0,0,0,0,0,0,0,0,1,0,0,0
400,1,2,2,28,0,0,1,9,0,0,0,0,0,0,0,0,1,0,0,0
718,0,2,2,27,0,0,1,9,0,0,0,0,0,0,0,0,1,0,0,0
42,1,2,2,27,1,0,1,3,0,0,1,0,0,0,0,0,0,0,0,0
162,0,2,2,40,0,0,1,9,0,0,0,0,0,0,0,0,1,0,0,0
124,0,2,2,32.5,0,0,1,9,0,0,0,0,0,0,0,0,1,0,0,0
134,1,2,2,29,1,0,1,9,0,0,0,0,0,0,0,0,1,0,0,0
751,1,2,2,4,1,1,1,9,0,0,0,0,0,0,0,0,1,0,0,0
59,1,2,2,5,1,2,1,9,0,0,0,0,0,0,0,0,1,0,0,0
473,1,2,2,33,1,2,1,9,0,0,0,0,0,0,0,0,1,0,0,0
200,1,2,2,24,0,0,1,3,0,0,1,0,0,0,0,0,0,0,0,0
280,1,3,2,35,1,1,1,11,0,0,0,0,0,0,0,0,0,0,1,0
41,1,3,2,40,1,0,1,5,0,0,0,0,1,0,0,0,0,0,0,0
856,1,3,2,18,0,1,1,11,0,0,0,0,0,0,0,0,0,0,1,0
193,1,3,2,19,1,0,1,11,0,0,0,0,0,0,0,0,0,0,1,0
814,1,3,2,6,4,2,1,5,0,0,0,0,1,0,0,0,0,0,0,0
120,0,3,2,2,4,2,1,5,0,0,0,0,1,0,0,0,0,0,0,0
69,1,3,2,17,4,2,1,11,0,0,0,0,0,0,0,0,0,0,1,0
542,1,3,2,9,4,2,1,5,0,0,0,0,1,0,0,0,0,0,0,0
543,1,3,2,11,4,2,1,5,0,0,0,0,1,0,0,0,0,0,0,0
611,0,3,2,39,1,5,1,5,0,0,0,0,1,0,0,0,0,0,0,0
50,0,3,2,18,1,0,1,5,0,0,0,0,1,0,0,0,0,0,0,0
234,0,3,2,5,4,2,1,11,0,0,0,0,0,0,0,0,0,0,1,0
26,1,3,2,38,1,5,1,11,0,0,0,0,0,0,0,0,0,0,1,0
115,1,3,2,17,0,0,3,5,0,0,0,0,1,0,0,0,0,0,0,0
781,1,3,2,13,0,0,3,11,0,0,0,0,0,0,0,0,0,0,1,0
86,0,3,2,33,3,0,1,11,0,0,0,0,0,0,0,0,0,0,1,0
645,1,3,2,0.75,2,1,3,11,0,0,0,0,0,0,0,0,0,0,1,0
470,0,3,2,0.75,2,1,3,11,0,0,0,0,0,0,0,0,0,0,1,0
449,1,3,2,5,2,1,3,11,0,0,0,0,0,0,0,0,0,0,1,0
859,0,3,2,24,0,3,3,11,0,0,0,0,0,0,0,0,0,0,1,0
703,1,3,2,18,0,1,3,5,0,0,0,0,1,0,0,0,0,0,0,0
363,1,3,2,45,0,1,3,5,0,0,0,0,1,0,0,0,0,0,0,0
853,0,3,2,9,1,1,3,5,0,0,0,0,1,0,0,0,0,0,0,0
141,1,3,2,23.82,0,2,3,5,0,0,0,0,1,0,0,0,0,0,0,0
594,1,3,2,23.82,0,2,2,5,0,0,0,0,1,0,0,0,0,0,0,0
658,1,3,2,32,1,1,2,5,0,0,0,0,1,0,0,0,0,0,0,0
535,0,3,2,30,0,0,1,5,0,0,0,0,1,0,0,0,0,0,0,0
502,1,3,2,21,0,0,2,5,0,0,0,0,1,0,0,0,0,0,0,0
579,1,3,2,23.82,1,0,3,5,0,0,0,0,1,0,0,0,0,0,0,0
209,1,3,2,16,0,0,2,11,0,0,0,0,0,0,0,0,0,0,1,0
290,0,3,2,22,0,0,2,11,0,0,0,0,0,0,0,0,0,0,1,0
883,0,3,2,22,0,0,1,5,0,0,0,0,1,0,0,0,0,0,0,0
424,0,3,2,28,1,1,1,5,0,0,0,0,1,0,0,0,0,0,0,0
348,1,3,2,19.33,1,0,1,11,0,0,0,0,0,0,0,0,0,0,1,0
560,1,3,2,36,1,0,1,11,0,0,0,0,0,0,0,0,0,0,1,0
45,0,3,2,19,0,0,2,11,0,0,0,0,0,0,0,0,0,0,1,0
80,0,3,2,30,0,0,1,11,0,0,0,0,0,0,0,0,0,0,1,0
778,0,3,2,5,0,0,1,11,0,0,0,0,0,0,0,0,0,0,1,0
437,1,3,2,21,2,2,1,5,0,0,0,0,1,0,0,0,0,0,0,0
148,1,3,2,9,2,2,1,5,0,0,0,0,1,0,0,0,0,0,0,0
737,0,3,2,48,1,3,1,5,0,0,0,0,1,0,0,0,0,0,0,0
157,0,3,2,16,0,0,2,11,0,0,0,0,0,0,0,0,0,0,1,0
33,0,3,2,19.33,0,0,2,11,0,0,0,0,0,0,0,0,0,0,1,0
329,1,3,2,31,1,1,1,11,0,0,0,0,0,0,0,0,0,0,1,0
72,0,3,2,16,5,2,1,5,0,0,0,0,1,0,0,0,0,0,0,0
679,1,3,2,43,1,6,1,5,0,0,0,0,1,0,0,0,0,0,0,0
294,0,3,2,24,0,0,1,5,0,0,0,0,1,0,0,0,0,0,0,0
143,1,3,2,24,1,0,1,11,0,0,0,0,0,0,0,0,0,0,1,0
236,0,3,2,23.82,0,0,1,5,0,0,0,0,1,0,0,0,0,0,0,0
275,1,3,2,19.33,0,0,2,11,0,0,0,0,0,0,0,0,0,0,1,0
655,0,3,2,18,0,0,2,5,0,0,0,0,1,0,0,0,0,0,0,0
3,1,3,2,26,0,0,1,11,0,0,0,0,0,0,0,0,0,0,1,0
817,0,3,2,23,0,0,1,5,0,0,0,0,1,0,0,0,0,0,0,0
265,0,3,2,23.82,0,0,2,5,0,0,0,0,1,0,0,0,0,0,0,0
480,1,3,2,2,0,1,1,11,0,0,0,0,0,0,0,0,0,0,1,0
217,1,3,2,27,0,0,1,11,0,0,0,0,0,0,0,0,0,0,1,0
730,1,3,2,25,1,0,1,5,0,0,0,0,1,0,0,0,0,0,0,0
369,1,3,2,19.33,0,0,2,11,0,0,0,0,0,0,0,0,0,0,1,0
173,1,3,2,1,1,1,1,11,0,0,0,0,0,0,0,0,0,0,1,0
9,0,3,2,27,0,2,1,11,0,0,0,0,0,0,0,0,0,0,1,0
889,0,3,2,23.82,1,2,1,5,0,0,0,0,1,0,0,0,0,0,0,0
114,1,3,2,20,1,0,1,5,0,0,0,0,1,0,0,0,0,0,0,0
403,0,3,2,21,1,0,1,5,0,0,0,0,1,0,0,0,0,0,0,0
692,1,3,2,4,0,1,3,11,0,0,0,0,0,0,0,0,0,0,1,0
301,0,3,2,19.33,0,0,2,11,0,0,0,0,0,0,0,0,0,0,1,0
574,1,3,2,19.33,0,0,2,11,0,0,0,0,0,0,0,0,0,0,1,0
185,0,3,2,4,0,2,1,11,0,0,0,0,0,0,0,0,0,0,1,0
504,0,3,2,37,0,0,1,5,0,0,0,0,1,0,0,0,0,0,0,0
377,1,3,2,22,0,0,1,11,0,0,0,0,0,0,0,0,0,0,1,0
410,1,3,2,23.82,3,1,1,5,0,0,0,0,1,0,0,0,0,0,0,0
486,1,3,2,23.82,3,1,1,5,0,0,0,0,1,0,0,0,0,0,0,0
230,1,3,2,23.82,3,1,1,5,0,0,0,0,1,0,0,0,0,0,0,0
247,0,3,2,25,0,0,1,5,0,0,0,0,1,0,0,0,0,0,0,0
277,0,3,2,45,0,0,1,5,0,0,0,0,1,0,0,0,0,0,0,0
618,0,3,2,26,1,0,1,5,0,0,0,0,1,0,0,0,0,0,0,0
199,0,3,2,19.33,0,0,2,11,0,0,0,0,0,0,0,0,0,0,1,0
768,0,3,2,30.5,0,0,2,5,0,0,0,0,1,0,0,0,0,0,0,0
728,0,3,2,19.33,0,0,2,11,0,0,0,0,0,0,0,0,0,0,1,0
20,1,3,2,19.33,0,0,3,11,0,0,0,0,0,0,0,0,0,0,1,0
331,1,3,2,19.33,2,0,2,11,0,0,0,0,0,0,0,0,0,0,1,0
83,0,3,2,19.33,0,0,2,11,0,0,0,0,0,0,0,0,0,0,1,0
359,0,3,2,19.33,0,0,2,11,0,0,0,0,0,0,0,0,0,0,1,0
23,1,3,2,15,0,0,2,11,0,0,0,0,0,0,0,0,0,0,1,0
565,0,3,2,23.82,0,0,1,5,0,0,0,0,1,0,0,0,0,0,0,0
416,1,3,2,23.82,0,0,1,5,0,0,0,0,1,0,0,0,0,0,0,0
360,0,3,2,19.33,0,0,2,11,0,0,0,0,0,0,0,0,0,0,1,0
824,1,3,2,27,0,1,1,11,0,0,0,0,0,0,0,0,0,0,1,0
110,0,3,2,19.33,1,0,2,11,0,0,0,0,0,0,0,0,0,0,1,0
368,1,3,2,19.33,0,0,3,11,0,0,0,0,0,0,0,0,0,0,1,0
698,0,3,2,19.33,0,0,2,11,0,0,0,0,0,0,0,0,0,0,1,0
242,1,3,2,19.33,1,0,2,11,0,0,0,0,0,0,0,0,0,0,1,0
613,1,3,2,19.33,1,0,2,11,0,0,0,0,0,0,0,0,0,0,1,0
876,0,3,2,15,0,0,3,11,0,0,0,0,0,0,0,0,0,0,1,0
382,1,3,2,1,0,2,3,11,0,0,0,0,0,0,0,0,0,0,1,0
40,1,3,2,14,1,0,3,11,0,0,0,0,0,0,0,0,0,0,1,0
316,0,3,2,26,0,0,1,11,0,0,0,0,0,0,0,0,0,0,1,0
142,0,3,2,22,0,0,1,11,0,0,0,0,0,0,0,0,0,0,1,0
187,1,3,2,19.33,1,0,2,11,0,0,0,0,0,0,0,0,0,0,1,0
48,0,3,2,19.33,0,0,2,11,0,0,0,0,0,0,0,0,0,0,1,0
29,0,3,2,19.33,0,0,2,11,0,0,0,0,0,0,0,0,0,0,1,0
555,0,3,2,22,0,0,1,11,0,0,0,0,0,0,0,0,0,0,1,0
654,0,3,2,19.33,0,0,2,11,0,0,0,0,0,0,0,0,0,0,1,0
397,0,3,2,31,0,0,1,5,0,0,0,0,1,0,0,0,0,0,0,0
405,1,3,2,20,0,0,1,5,0,0,0,0,1,0,0,0,0,0,0,0
798,0,3,2,31,0,0,1,11,0,0,0,0,0,0,0,0,0,0,1,0
503,0,3,2,23.82,0,0,2,5,0,0,0,0,1,0,0,0,0,0,0,0
375,0,3,2,3,3,1,1,5,0,0,0,0,1,0,0,0,0,0,0,0
25,0,3,2,8,3,1,1,5,0,0,0,0,1,0,0,0,0,0,0,0
568,0,3,2,29,0,4,1,5,0,0,0,0,1,0,0,0,0,0,0,0
639,0,3,2,41,0,5,1,5,0,0,0,0,1,0,0,0,0,0,0,0
129,0,3,2,19.33,1,1,3,11,0,0,0,0,0,0,0,0,0,0,1,0
534,0,3,2,19.33,0,2,3,11,0,0,0,0,0,0,0,0,0,0,1,0
681,1,3,2,23.82,0,0,2,5,0,0,0,0,1,0,0,0,0,0,0,0
101,1,3,2,28,0,0,1,5,0,0,0,0,1,0,0,0,0,0,0,0
808,1,3,2,18,0,0,1,5,0,0,0,0,1,0,0,0,0,0,0,0
886,0,3,2,39,0,5,2,5,0,0,0,0,1,0,0,0,0,0,0,0
133,1,3,2,47,1,0,1,5,0,0,0,0,1,0,0,0,0,0,0,0
255,0,3,2,41,0,2,1,5,0,0,0,0,1,0,0,0,0,0,0,0
181,1,3,2,23.82,8,2,1,5,0,0,0,0,1,0,0,0,0,0,0,0
864,0,3,2,23.82,8,2,1,5,0,0,0,0,1,0,0,0,0,0,0,0
793,1,3,2,23.82,8,2,1,5,0,0,0,0,1,0,0,0,0,0,0,0
107,1,3,2,21,0,0,1,11,0,0,0,0,0,0,0,0,0,0,1,0
11,1,3,2,4,1,1,1,11,0,0,0,0,0,0,0,0,0,0,1,0
395,1,3,2,24,0,2,1,11,0,0,0,0,0,0,0,0,0,0,1,0
787,0,3,2,18,0,0,1,11,0,0,0,0,0,0,0,0,0,0,1,0
635,0,3,2,9,3,2,1,5,0,0,0,0,1,0,0,0,0,0,0,0
643,0,3,2,2,3,2,1,5,0,0,0,0,1,0,0,0,0,0,0,0
168,0,3,2,45,1,4,1,5,0,0,0,0,1,0,0,0,0,0,0,0
650,1,3,2,23,0,0,1,11,0,0,0,0,0,0,0,0,0,0,1,0
475,0,3,2,22,0,0,1,5,0,0,0,0,1,0,0,0,0,0,0,0
206,0,3,2,2,0,1,1,5,0,0,0,0,1,0,0,0,0,0,0,0
252,0,3,2,29,1,1,1,5,0,0,0,0,1,0,0,0,0,0,0,0
432,1,3,2,19.33,1,0,1,11,0,0,0,0,0,0,0,0,0,0,1,0
256,0,3,2,29,0,2,3,11,0,0,0,0,0,0,0,0,0,0,1,0
678,1,3,2,18,0,0,1,11,0,0,0,0,0,0,0,0,0,0,1,0
484,0,3,2,63,0,0,1,11,0,0,0,0,0,0,0,0,0,0,1,0
420,1,3,2,10,0,2,1,5,0,0,0,0,1,0,0,0,0,0,0,0
800,0,3,2,30,1,1,1,5,0,0,0,0,1,0,0,0,0,0,0,0
39,0,3,2,18,2,0,1,5,0,0,0,0,1,0,0,0,0,0,0,0
19,1,3,2,31,1,0,1,5,0,0,0,0,1,0,0,0,0,0,0,0
15,0,3,2,14,0,0,1,5,0,0,0,0,1,0,0,0,0,0,0,0
831,1,3,2,15,1,0,3,11,0,0,0,0,0,0,0,0,0,0,1,0
112,1,3,2,14.5,1,0,3,5,0,0,0,0,1,0,0,0,0,0,0,0
241,1,3,2,23.82,1,0,3,5,0,0,0,0,1,0,0,0,0,0,0,0
306,0,1,1,0.92,1,2,1,8,0,0,0,0,0,0,0,1,0,0,0,0
461,0,1,1,48,0,0,1,8,0,0,0,0,0,0,0,1,0,0,0,0
807,0,1,1,39,0,0,1,2,0,1,0,0,0,0,0,0,0,0,0,0
494,0,1,1,71,0,0,3,2,0,1,0,0,0,0,0,0,0,0,0,0
631,1,1,1,80,0,0,1,8,0,0,0,0,0,0,0,1,0,0,0,0
169,0,1,1,44.58,0,0,1,2,0,1,0,0,0,0,0,0,0,0,0,0
119,1,1,1,24,0,1,3,2,0,1,0,0,0,0,0,0,0,0,0,0
249,1,1,1,37,1,1,1,8,0,0,0,0,0,0,0,1,0,0,0,0
890,1,1,1,26,0,0,3,8,0,0,0,0,0,0,0,1,0,0,0,0
485,1,1,1,25,1,0,3,8,0,0,0,0,0,0,0,1,0,0,0,0
431,0,1,1,28,0,0,1,8,0,0,0,0,0,0,0,1,0,0,0,0
340,0,1,1,45,0,0,1,2,0,1,0,0,0,0,0,0,0,0,0,0
210,1,1,1,40,0,0,3,8,0,0,0,0,0,0,0,1,0,0,0,0
508,0,1,1,36.25,0,0,1,8,0,0,0,0,0,0,0,1,0,0,0,0
767,1,1,1,44.58,0,0,3,2,0,1,0,0,0,0,0,0,0,0,0,0
537,0,1,1,45,0,0,1,2,0,1,0,0,0,0,0,0,0,0,0,0
271,0,1,1,44.58,0,0,1,2,0,1,0,0,0,0,0,0,0,0,0,0
708,0,1,1,42,0,0,1,8,0,0,0,0,0,0,0,1,0,0,0,0
680,1,1,1,36,0,1,3,8,0,0,0,0,0,0,0,1,0,0,0,0
873,1,1,1,33,0,0,1,2,0,1,0,0,0,0,0,0,0,0,0,0
84,1,1,1,28,0,0,1,2,0,1,0,0,0,0,0,0,0,0,0,0
803,0,1,1,11,1,2,1,8,0,0,0,0,0,0,0,1,0,0,0,0
391,0,1,1,36,1,2,1,8,0,0,0,0,0,0,0,1,0,0,0,0
742,0,1,1,36,1,0,1,2,0,1,0,0,0,0,0,0,0,0,0,0
93,0,1,1,46,1,0,1,2,0,1,0,0,0,0,0,0,0,0,0,0
725,0,1,1,27,1,0,1,8,0,0,0,0,0,0,0,1,0,0,0,0
476,0,1,1,44.58,0,0,1,2,0,1,0,0,0,0,0,0,0,0,0,0
663,0,1,1,47,0,0,1,2,0,1,0,0,0,0,0,0,0,0,0,0
746,0,1,1,70,1,1,1,2,0,1,0,0,0,0,0,0,0,0,0,0
858,1,1,1,51,0,0,1,8,0,0,0,0,0,0,0,1,0,0,0,0
608,1,1,1,27,0,0,1,8,0,0,0,0,0,0,0,1,0,0,0,0
672,1,1,1,31,1,0,1,2,0,1,0,0,0,0,0,0,0,0,0,0
691,0,1,1,31,1,0,1,8,0,0,0,0,0,0,0,1,0,0,0,0
446,0,1,1,4,0,2,1,8,0,0,0,0,0,0,0,1,0,0,0,0
545,0,1,1,50,1,0,3,2,0,1,0,0,0,0,0,0,0,0,0,0
600,1,1,1,49,1,0,3,8,0,0,0,0,0,0,0,1,0,0,0,0
528,0,1,1,44.58,0,0,1,2,0,1,0,0,0,0,0,0,0,0,0,0
573,1,1,1,36,0,0,1,8,0,0,0,0,0,0,0,1,0,0,0,0
453,0,1,1,30,0,0,3,2,0,1,0,0,0,0,0,0,0,0,0,0
28,0,1,1,19,3,2,1,2,0,1,0,0,0,0,0,0,0,0,0,0
439,1,1,1,64,1,4,1,2,0,1,0,0,0,0,0,0,0,0,0,0
661,0,1,1,50,2,0,1,8,0,0,0,0,0,0,0,1,0,0,0,0
588,0,1,1,60,1,1,3,8,0,0,0,0,0,0,0,1,0,0,0,0
816,1,1,1,44.58,0,0,1,2,0,1,0,0,0,0,0,0,0,0,0,0
138,1,1,1,37,1,0,1,2,0,1,0,0,0,0,0,0,0,0,0,0
463,0,1,1,47,0,0,1,2,0,1,0,0,0,0,0,0,0,0,0,0
140,1,1,1,24,0,0,3,2,0,1,0,0,0,0,0,0,0,0,0,0
454,1,1,1,49,1,0,3,8,0,0,0,0,0,0,0,1,0,0,0,0
97,0,1,1,71,0,0,3,2,0,1,0,0,0,0,0,0,0,0,0,0
333,0,1,1,38,0,1,1,2,0,1,0,0,0,0,0,0,0,0,0,0
98,1,1,1,23,0,1,3,8,0,0,0,0,0,0,0,1,0,0,0,0
790,1,1,1,46,0,0,3,2,0,1,0,0,0,0,0,0,0,0,0,0
371,0,1,1,25,1,0,3,8,0,0,0,0,0,0,0,1,0,0,0,0
646,1,1,1,48,1,0,3,8,0,0,0,0,0,0,0,1,0,0,0,0
603,1,1,1,44.58,0,0,1,2,0,1,0,0,0,0,0,0,0,0,0,0
63,1,1,1,45,1,0,1,2,0,1,0,0,0,0,0,0,0,0,0,0
264,1,1,1,40,0,0,1,2,0,1,0,0,0,0,0,0,0,0,0,0
682,1,1,1,27,0,0,3,8,0,0,0,0,0,0,0,1,0,0,0,0
741,0,1,1,36.25,0,0,1,8,0,0,0,0,0,0,0,1,0,0,0,0
36,0,1,1,42,1,0,1,2,0,1,0,0,0,0,0,0,0,0,0,0
605,1,1,1,35,0,0,3,8,0,0,0,0,0,0,0,1,0,0,0,0
225,1,1,1,38,1,0,1,8,0,0,0,0,0,0,0,1,0,0,0,0
794,1,1,1,44.58,0,0,3,2,0,1,0,0,0,0,0,0,0,0,0,0
488,0,1,1,58,0,0,3,2,0,1,0,0,0,0,0,0,0,0,0,0
622,1,1,1,42,1,0,1,8,0,0,0,0,0,0,0,1,0,0,0,0
712,0,1,1,44.58,0,0,1,2,0,1,0,0,0,0,0,0,0,0,0,0
738,1,1,1,35,0,0,3,8,0,0,0,0,0,0,0,1,0,0,0,0
296,0,1,1,44.58,0,0,3,2,0,1,0,0,0,0,0,0,0,0,0,0
783,1,1,1,29,0,0,1,2,0,1,0,0,0,0,0,0,0,0,0,0
840,0,1,1,36.25,0,0,3,8,0,0,0,0,0,0,0,1,0,0,0,0
749,1,1,1,19,1,0,1,2,0,1,0,0,0,0,0,0,0,0,0,0
7,1,1,1,54,0,0,1,2,0,1,0,0,0,0,0,0,0,0,0,0
513,0,1,1,36,0,0,1,8,0,0,0,0,0,0,0,1,0,0,0,0
35,0,1,1,28,1,0,3,2,0,1,0,0,0,0,0,0,0,0,0,0
457,0,1,1,65,0,0,1,2,0,1,0,0,0,0,0,0,0,0,0,0
246,1,1,1,44,2,0,2,2,0,1,0,0,0,0,0,0,0,0,0,0
493,1,1,1,55,0,0,1,2,0,1,0,0,0,0,0,0,0,0,0,0
274,1,1,1,37,0,1,3,2,0,1,0,0,0,0,0,0,0,0,0,0
660,1,1,1,58,0,2,3,2,0,1,0,0,0,0,0,0,0,0,0,0
546,1,1,1,64,0,0,1,2,0,1,0,0,0,0,0,0,0,0,0,0
55,0,1,1,65,0,1,3,2,0,1,0,0,0,0,0,0,0,0,0,0
634,1,1,1,44.58,0,0,1,2,0,1,0,0,0,0,0,0,0,0,0,0
332,0,1,1,45.5,0,0,1,2,0,1,0,0,0,0,0,0,0,0,0,0
337,1,1,1,29,1,0,1,2,0,1,0,0,0,0,0,0,0,0,0,0
506,1,1,1,18,1,0,3,2,0,1,0,0,0,0,0,0,0,0,0,0
450,0,1,1,52,0,0,1,8,0,0,0,0,0,0,0,1,0,0,0,0
111,0,1,1,47,0,0,1,2,0,1,0,0,0,0,0,0,0,0,0,0
823,0,1,1,38,0,0,1,2,0,1,0,0,0,0,0,0,0,0,0,0
374,1,1,1,22,0,0,3,2,0,1,0,0,0,0,0,0,0,0,0,0
558,0,1,1,44.58,0,0,3,2,0,1,0,0,0,0,0,0,0,0,0,0
868,0,1,1,31,0,0,1,2,0,1,0,0,0,0,0,0,0,0,0,0
188,0,1,1,45,0,0,1,8,0,0,0,0,0,0,0,1,0,0,0,0
186,1,1,1,44.58,0,0,1,2,0,1,0,0,0,0,0,0,0,0,0,0
584,1,1,1,36,0,0,3,2,0,1,0,0,0,0,0,0,0,0,0,0
299,0,1,1,36.25,0,0,1,8,0,0,0,0,0,0,0,1,0,0,0,0
448,0,1,1,34,0,0,1,8,0,0,0,0,0,0,0,1,0,0,0,0
702,0,1,1,35,0,0,1,8,0,0,0,0,0,0,0,1,0,0,0,0
435,0,1,1,50,1,0,1,2,0,1,0,0,0,0,0,0,0,0,0,0
648,0,1,1,56,0,0,3,8,0,0,0,0,0,0,0,1,0,0,0,0
24,0,1,1,28,0,0,1,8,0,0,0,0,0,0,0,1,0,0,0,0
468,1,1,1,56,0,0,1,2,0,1,0,0,0,0,0,0,0,0,0,0
175,0,1,1,56,0,0,3,2,0,1,0,0,0,0,0,0,0,0,0,0
285,0,1,1,44.58,0,0,1,2,0,1,0,0,0,0,0,0,0,0,0,0
633,0,1,1,32,0,0,3,8,0,0,0,0,0,0,0,1,0,0,0,0
253,1,1,1,62,0,0,1,2,0,1,0,0,0,0,0,0,0,0,0,0
65,0,1,1,44.58,0,0,3,2,0,1,0,0,0,0,0,0,0,0,0,0
626,0,1,1,61,0,0,1,2,0,1,0,0,0,0,0,0,0,0,0,0
263,0,1,1,52,1,1,1,2,0,1,0,0,0,0,0,0,0,0,0,0
713,1,1,1,48,1,0,1,8,0,0,0,0,0,0,0,1,0,0,0,0
699,0,1,1,49,1,1,3,2,0,1,0,0,0,0,0,0,0,0,0,0
551,0,1,1,17,0,2,3,8,0,0,0,0,0,0,0,1,0,0,0,0
31,0,1,1,40,0,0,3,2,0,1,0,0,0,0,0,0,0,0,0,0
171,0,1,1,61,0,0,1,2,0,1,0,0,0,0,0,0,0,0,0,0
516,0,1,1,47,0,0,1,2,0,1,0,0,0,0,0,0,0,0,0,0
695,0,1,1,60,0,0,1,2,0,1,0,0,0,0,0,0,0,0,0,0
125,1,1,1,54,0,1,1,2,0,1,0,0,0,0,0,0,0,0,0,0
103,1,1,1,21,0,1,1,2,0,1,0,0,0,0,0,0,0,0,0,0
378,1,1,1,27,0,2,3,2,0,1,0,0,0,0,0,0,0,0,0,0
156,0,1,1,51,0,1,3,2,0,1,0,0,0,0,0,0,0,0,0,0
352,0,1,1,44.58,0,0,1,2,0,1,0,0,0,0,0,0,0,0,0,0
56,0,1,1,36.25,0,0,1,8,0,0,0,0,0,0,0,1,0,0,0,0
556,1,1,1,62,0,0,1,2,0,1,0,0,0,0,0,0,0,0,0,0
309,0,2,1,30,1,0,3,4,0,0,0,1,0,0,0,0,0,0,0,0
145,1,2,1,18,0,0,1,4,0,0,0,1,0,0,0,0,0,0,0,0
758,1,2,1,18,0,0,1,4,0,0,0,1,0,0,0,0,0,0,0,0
884,1,2,1,28,0,0,1,4,0,0,0,1,0,0,0,0,0,0,0,0
151,1,2,1,51,0,0,1,4,0,0,0,1,0,0,0,0,0,0,0,0
544,1,2,1,32,1,0,1,10,0,0,0,0,0,0,0,0,0,1,0,0
184,0,2,1,1,2,1,1,10,0,0,0,0,0,0,0,0,0,1,0,0
22,0,2,1,34,0,0,1,10,0,0,0,0,0,0,0,0,0,1,0,0
734,1,2,1,23,0,0,1,4,0,0,0,1,0,0,0,0,0,0,0,0
222,0,2,1,27,0,0,1,4,0,0,0,1,0,0,0,0,0,0,0,0
685,0,2,1,60,1,1,1,4,0,0,0,1,0,0,0,0,0,0,0,0
729,0,2,1,25,1,0,1,4,0,0,0,1,0,0,0,0,0,0,0,0
667,0,2,1,25,0,0,1,4,0,0,0,1,0,0,0,0,0,0,0,0
150,0,2,1,42,0,0,1,4,0,0,0,1,0,0,0,0,0,0,0,0
79,0,2,1,0.83,0,2,1,10,0,0,0,0,0,0,0,0,0,1,0,0
467,0,2,1,33.37,0,0,1,4,0,0,0,1,0,0,0,0,0,0,0,0
192,1,2,1,19,0,0,1,4,0,0,0,1,0,0,0,0,0,0,0,0
250,0,2,1,54,1,0,1,4,0,0,0,1,0,0,0,0,0,0,0,0
696,0,2,1,52,0,0,1,4,0,0,0,1,0,0,0,0,0,0,0,0
595,0,2,1,37,1,0,1,4,0,0,0,1,0,0,0,0,0,0,0,0
243,0,2,1,29,0,0,1,4,0,0,0,1,0,0,0,0,0,0,0,0
343,0,2,1,28,0,0,1,4,0,0,0,1,0,0,0,0,0,0,0,0
638,0,2,1,31,1,1,1,4,0,0,0,1,0,0,0,0,0,0,0,0
414,0,2,1,33.37,0,0,1,4,0,0,0,1,0,0,0,0,0,0,0,0
550,0,2,1,8,1,1,1,10,0,0,0,0,0,0,0,0,0,1,0,0
386,0,2,1,18,0,0,1,4,0,0,0,1,0,0,0,0,0,0,0,0
362,0,2,1,29,1,0,3,4,0,0,0,1,0,0,0,0,0,0,0,0
583,0,2,1,54,0,0,1,4,0,0,0,1,0,0,0,0,0,0,0,0
659,0,2,1,23,0,0,1,4,0,0,0,1,0,0,0,0,0,0,0,0
229,0,2,1,18,0,0,1,4,0,0,0,1,0,0,0,0,0,0,0,0
345,0,2,1,36,0,0,1,4,0,0,0,1,0,0,0,0,0,0,0,0
482,0,2,1,33.37,0,0,1,4,0,0,0,1,0,0,0,0,0,0,0,0
21,0,2,1,35,0,0,1,4,0,0,0,1,0,0,0,0,0,0,0,0
406,0,2,1,34,1,0,1,4,0,0,0,1,0,0,0,0,0,0,0,0
792,0,2,1,16,0,0,1,4,0,0,0,1,0,0,0,0,0,0,0,0
620,0,2,1,26,0,0,1,4,0,0,0,1,0,0,0,0,0,0,0,0
862,0,2,1,21,1,0,1,4,0,0,0,1,0,0,0,0,0,0,0,0
865,0,2,1,24,0,0,1,4,0,0,0,1,0,0,0,0,0,0,0,0
723,1,2,1,34,0,0,1,4,0,0,0,1,0,0,0,0,0,0,0,0
214,0,2,1,30,0,0,1,4,0,0,0,1,0,0,0,0,0,0,0,0
715,0,2,1,52,0,0,1,4,0,0,0,1,0,0,0,0,0,0,0,0
179,1,2,1,30,0,0,1,4,0,0,0,1,0,0,0,0,0,0,0,0
756,0,2,1,0.67,1,1,1,10,0,0,0,0,0,0,0,0,0,1,0,0
849,0,2,1,28,0,1,1,4,0,0,0,1,0,0,0,0,0,0,0,0
571,0,2,1,62,0,0,1,10,0,0,0,0,0,0,0,0,0,1,0,0
220,1,2,1,30,0,0,1,4,0,0,0,1,0,0,0,0,0,0,0,0
315,0,2,1,43,1,1,1,4,0,0,0,1,0,0,0,0,0,0,0,0
656,0,2,1,24,2,0,1,4,0,0,0,1,0,0,0,0,0,0,0,0
666,0,2,1,32,2,0,1,4,0,0,0,1,0,0,0,0,0,0,0,0
121,1,2,1,21,2,0,1,4,0,0,0,1,0,0,0,0,0,0,0,0
530,0,2,1,23,2,1,1,4,0,0,0,1,0,0,0,0,0,0,0,0
724,0,2,1,50,0,0,1,4,0,0,0,1,0,0,0,0,0,0,0,0
237,0,2,1,44,1,0,1,4,0,0,0,1,0,0,0,0,0,0,0,0
73,0,2,1,21,0,0,1,4,0,0,0,1,0,0,0,0,0,0,0,0
289,1,2,1,42,0,0,1,10,0,0,0,0,0,0,0,0,0,1,0,0
240,1,2,1,33,0,0,1,4,0,0,0,1,0,0,0,0,0,0,0,0
218,0,2,1,42,1,0,1,4,0,0,0,1,0,0,0,0,0,0,0,0
587,0,2,1,47,0,0,1,4,0,0,0,1,0,0,0,0,0,0,0,0
71,0,2,1,32,0,0,1,4,0,0,0,1,0,0,0,0,0,0,0,0
100,0,2,1,34,1,0,1,4,0,0,0,1,0,0,0,0,0,0,0,0
627,1,2,1,57,0,0,2,4,0,0,0,1,0,0,0,0,0,0,0,0
733,0,2,1,33.37,0,0,1,4,0,0,0,1,0,0,0,0,0,0,0,0
440,0,2,1,31,0,0,1,4,0,0,0,1,0,0,0,0,0,0,0,0
686,1,2,1,25,1,2,3,4,0,0,0,1,0,0,0,0,0,0,0,0
293,0,2,1,36,0,0,3,4,0,0,0,1,0,0,0,0,0,0,0,0
235,0,2,1,24,0,0,1,4,0,0,0,1,0,0,0,0,0,0,0,0
828,0,2,1,1,0,2,3,10,0,0,0,0,0,0,0,0,0,1,0,0
818,0,2,1,31,1,1,3,4,0,0,0,1,0,0,0,0,0,0,0,0
419,0,2,1,30,0,0,1,4,0,0,0,1,0,0,0,0,0,0,0,0
398,1,2,1,46,0,0,1,4,0,0,0,1,0,0,0,0,0,0,0,0
227,1,2,1,19,0,0,1,10,0,0,0,0,0,0,0,0,0,1,0,0
809,1,2,1,39,0,0,1,4,0,0,0,1,0,0,0,0,0,0,0,0
464,0,2,1,48,0,0,1,4,0,0,0,1,0,0,0,0,0,0,0,0
673,1,2,1,70,0,0,1,4,0,0,0,1,0,0,0,0,0,0,0,0
887,0,2,1,27,0,0,1,4,0,0,0,1,0,0,0,0,0,0,0,0
318,0,2,1,54,0,0,1,4,0,0,0,1,0,0,0,0,0,0,0,0
706,0,2,1,39,0,0,1,4,0,0,0,1,0,0,0,0,0,0,0,0
842,1,2,1,16,0,0,1,4,0,0,0,1,0,0,0,0,0,0,0,0
123,0,2,1,32.5,1,0,3,4,0,0,0,1,0,0,0,0,0,0,0,0
341,0,2,1,2,1,1,1,10,0,0,0,0,0,0,0,0,0,1,0,0
194,0,2,1,3,1,1,1,10,0,0,0,0,0,0,0,0,0,1,0,0
149,1,2,1,36.5,0,2,1,4,0,0,0,1,0,0,0,0,0,0,0,0
146,1,2,1,19,1,1,1,4,0,0,0,1,0,0,0,0,0,0,0,0
563,0,2,1,28,0,0,1,4,0,0,0,1,0,0,0,0,0,0,0,0
796,0,2,1,39,0,0,1,4,0,0,0,1,0,0,0,0,0,0,0,0
548,0,2,1,16.02,0,0,3,10,0,0,0,0,0,0,0,0,0,1,0,0
399,0,2,1,23,0,0,1,4,0,0,0,1,0,0,0,0,0,0,0,0
278,0,2,1,33.37,0,0,1,4,0,0,0,1,0,0,0,0,0,0,0,0
239,0,2,1,19,0,0,1,4,0,0,0,1,0,0,0,0,0,0,0,0
182,0,2,1,33.37,0,0,3,4,0,0,0,1,0,0,0,0,0,0,0,0
801,0,2,1,34,0,0,1,4,0,0,0,1,0,0,0,0,0,0,0,0
266,0,2,1,36,0,0,1,4,0,0,0,1,0,0,0,0,0,0,0,0
477,1,2,1,34,1,0,1,4,0,0,0,1,0,0,0,0,0,0,0,0
136,0,2,1,23,0,0,3,4,0,0,0,1,0,0,0,0,0,0,0,0
832,0,2,1,0.83,1,1,1,10,0,0,0,0,0,0,0,0,0,1,0,0
408,0,2,1,3,1,1,1,10,0,0,0,0,0,0,0,0,0,1,0,0
344,0,2,1,25,0,0,1,4,0,0,0,1,0,0,0,0,0,0,0,0
552,0,2,1,27,0,0,1,4,0,0,0,1,0,0,0,0,0,0,0,0
233,1,2,1,59,0,0,1,4,0,0,0,1,0,0,0,0,0,0,0,0
813,0,2,1,35,0,0,1,4,0,0,0,1,0,0,0,0,0,0,0,0
135,0,2,1,25,0,0,1,4,0,0,0,1,0,0,0,0,0,0,0,0
735,0,2,1,23,0,0,1,4,0,0,0,1,0,0,0,0,0,0,0,0
118,0,2,1,29,1,0,1,4,0,0,0,1,0,0,0,0,0,0,0,0
675,0,2,1,33.37,0,0,1,4,0,0,0,1,0,0,0,0,0,0,0,0
451,0,2,1,36,1,2,1,4,0,0,0,1,0,0,0,0,0,0,0,0
34,0,2,1,66,0,0,1,4,0,0,0,1,0,0,0,0,0,0,0,0
674,0,2,1,31,0,0,1,10,0,0,0,0,0,0,0,0,0,1,0,0
18,1,2,1,16.02,0,0,1,10,0,0,0,0,0,0,0,0,0,1,0,0
846,1,3,1,42,0,0,1,6,0,0,0,0,0,1,0,0,0,0,0,0
747,1,3,1,16,1,1,1,6,0,0,0,0,0,1,0,0,0,0,0,0
366,0,3,1,30,0,0,1,6,0,0,0,0,0,1,0,0,0,0,0,0
402,1,3,1,26,0,0,1,6,0,0,0,0,0,1,0,0,0,0,0,0
208,0,3,1,26,0,0,3,12,0,0,0,0,0,0,0,0,0,0,0,1
811,0,3,1,26,0,0,1,6,0,0,0,0,0,1,0,0,0,0,0,0
841,0,3,1,20,0,0,1,6,0,0,0,0,0,1,0,0,0,0,0,0
211,0,3,1,24,0,0,1,6,0,0,0,0,0,1,0,0,0,0,0,0
785,0,3,1,25,0,0,1,6,0,0,0,0,0,1,0,0,0,0,0,0
5,0,3,1,35,0,0,1,6,0,0,0,0,0,1,0,0,0,0,0,0
835,0,3,1,18,0,0,1,6,0,0,0,0,0,1,0,0,0,0,0,0
851,0,3,1,4,4,2,1,6,0,0,0,0,0,1,0,0,0,0,0,0
14,0,3,1,39,1,5,1,6,0,0,0,0,0,1,0,0,0,0,0,0
147,0,3,1,27,0,0,1,12,0,0,0,0,0,0,0,0,0,0,0,1
92,0,3,1,20,0,0,1,6,0,0,0,0,0,1,0,0,0,0,0,0
354,0,3,1,25,1,0,1,6,0,0,0,0,0,1,0,0,0,0,0,0
364,0,3,1,35,0,0,1,6,0,0,0,0,0,1,0,0,0,0,0,0
183,0,3,1,9,4,2,1,6,0,0,0,0,0,1,0,0,0,0,0,0
262,0,3,1,3,4,2,1,12,0,0,0,0,0,0,0,0,0,0,0,1
245,0,3,1,30,0,0,3,6,0,0,0,0,0,1,0,0,0,0,0,0
834,0,3,1,23,0,0,1,6,0,0,0,0,0,1,0,0,0,0,0,0
207,1,3,1,32,1,0,1,6,0,0,0,0,0,1,0,0,0,0,0,0
662,0,3,1,40,0,0,3,6,0,0,0,0,0,1,0,0,0,0,0,0
871,0,3,1,26,0,0,1,6,0,0,0,0,0,1,0,0,0,0,0,0
763,0,3,1,20,0,0,3,12,0,0,0,0,0,0,0,0,0,0,0,1
113,0,3,1,22,0,0,1,6,0,0,0,0,0,1,0,0,0,0,0,0
373,0,3,1,19,0,0,1,6,0,0,0,0,0,1,0,0,0,0,0,0
163,0,3,1,26,0,0,1,6,0,0,0,0,0,1,0,0,0,0,0,0
226,0,3,1,22,0,0,1,6,0,0,0,0,0,1,0,0,0,0,0,0
379,0,3,1,20,0,0,3,6,0,0,0,0,0,1,0,0,0,0,0,0
75,0,3,1,32,0,0,1,12,0,0,0,0,0,0,0,0,0,0,0,1
409,1,3,1,21,0,0,1,6,0,0,0,0,0,1,0,0,0,0,0,0
629,1,3,1,26,0,0,1,6,0,0,0,0,0,1,0,0,0,0,0,0
599,0,3,1,27.26,0,0,3,6,0,0,0,0,0,1,0,0,0,0,0,0
189,1,3,1,40,1,1,2,6,0,0,0,0,0,1,0,0,0,0,0,0
625,0,3,1,21,0,0,1,6,0,0,0,0,0,1,0,0,0,0,0,0
478,0,3,1,29,1,0,1,6,0,0,0,0,0,1,0,0,0,0,0,0
1,0,3,1,22,1,0,1,6,0,0,0,0,0,1,0,0,0,0,0,0
615,1,3,1,35,0,0,1,6,0,0,0,0,0,1,0,0,0,0,0,0
144,0,3,1,19,0,0,2,6,0,0,0,0,0,1,0,0,0,0,0,0
472,1,3,1,38,0,0,1,6,0,0,0,0,0,1,0,0,0,0,0,0
164,0,3,1,17,0,0,1,6,0,0,0,0,0,1,0,0,0,0,0,0
501,0,3,1,17,0,0,1,6,0,0,0,0,0,1,0,0,0,0,0,0
38,0,3,1,21,0,0,1,6,0,0,0,0,0,1,0,0,0,0,0,0
757,0,3,1,28,0,0,1,6,0,0,0,0,0,1,0,0,0,0,0,0
90,0,3,1,24,0,0,1,6,0,0,0,0,0,1,0,0,0,0,0,0
422,1,3,1,21,0,0,2,6,0,0,0,0,0,1,0,0,0,0,0,0
839,1,3,1,32,0,0,1,12,0,0,0,0,0,0,0,0,0,0,0,1
91,0,3,1,29,0,0,1,6,0,0,0,0,0,1,0,0,0,0,0,0
74,0,3,1,26,1,0,3,6,0,0,0,0,0,1,0,0,0,0,0,0
132,0,3,1,20,0,0,1,6,0,0,0,0,0,1,0,0,0,0,0,0
205,0,3,1,18,0,0,1,12,0,0,0,0,0,0,0,0,0,0,0,1
664,1,3,1,36,0,0,1,6,0,0,0,0,0,1,0,0,0,0,0,0
515,1,3,1,24,0,0,1,6,0,0,0,0,0,1,0,0,0,0,0,0
750,0,3,1,31,0,0,2,6,0,0,0,0,0,1,0,0,0,0,0,0
117,0,3,1,70.5,0,0,2,6,0,0,0,0,0,1,0,0,0,0,0,0
669,0,3,1,43,0,0,1,6,0,0,0,0,0,1,0,0,0,0,0,0
647,0,3,1,19,0,0,1,6,0,0,0,0,0,1,0,0,0,0,0,0
158,1,3,1,30,0,0,1,6,0,0,0,0,0,1,0,0,0,0,0,0
490,1,3,1,9,1,1,1,12,0,0,0,0,0,0,0,0,0,0,0,1
349,0,3,1,3,1,1,1,12,0,0,0,0,0,0,0,0,0,0,0,1
95,0,3,1,59,0,0,1,6,0,0,0,0,0,1,0,0,0,0,0,0
68,0,3,1,19,0,0,1,6,0,0,0,0,0,1,0,0,0,0,0,0
161,1,3,1,44,0,1,1,6,0,0,0,0,0,1,0,0,0,0,0,0
845,0,3,1,17,0,0,1,6,0,0,0,0,0,1,0,0,0,0,0,0
339,0,3,1,45,0,0,1,12,0,0,0,0,0,0,0,0,0,0,0,1
688,0,3,1,19,0,0,1,6,0,0,0,0,0,1,0,0,0,0,0,0
511,1,3,1,29,0,0,2,12,0,0,0,0,0,0,0,0,0,0,0,1
617,0,3,1,34,1,1,1,6,0,0,0,0,0,1,0,0,0,0,0,0
322,0,3,1,27,0,0,1,6,0,0,0,0,0,1,0,0,0,0,0,0
795,1,3,1,25,0,0,1,6,0,0,0,0,0,1,0,0,0,0,0,0
566,0,3,1,24,2,0,1,6,0,0,0,0,0,1,0,0,0,0,0,0
287,0,3,1,30,0,0,1,12,0,0,0,0,0,0,0,0,0,0,0,1
283,0,3,1,16,0,0,1,6,0,0,0,0,0,1,0,0,0,0,0,0
789,0,3,1,1,1,2,1,12,0,0,0,0,0,0,0,0,0,0,0,1
94,1,3,1,26,1,2,1,6,0,0,0,0,0,1,0,0,0,0,0,0
336,0,3,1,27.26,0,0,1,6,0,0,0,0,0,1,0,0,0,0,0,0
321,0,3,1,22,0,0,1,6,0,0,0,0,0,1,0,0,0,0,0,0
350,0,3,1,42,0,0,1,6,0,0,0,0,0,1,0,0,0,0,0,0
569,1,3,1,27.26,0,0,3,6,0,0,0,0,0,1,0,0,0,0,0,0
891,1,3,1,32,0,0,2,6,0,0,0,0,0,1,0,0,0,0,0,0
284,0,3,1,19,0,0,1,12,0,0,0,0,0,0,0,0,0,0,0,1
131,0,3,1,33,0,0,3,6,0,0,0,0,0,1,0,0,0,0,0,0
281,0,3,1,65,0,0,2,6,0,0,0,0,0,1,0,0,0,0,0,0
676,0,3,1,18,0,0,1,6,0,0,0,0,0,1,0,0,0,0,0,0
765,1,3,1,16,0,0,1,6,0,0,0,0,0,1,0,0,0,0,0,0
130,0,3,1,45,0,0,1,6,0,0,0,0,0,1,0,0,0,0,0,0
774,0,3,1,27.26,0,0,3,6,0,0,0,0,0,1,0,0,0,0,0,0
533,0,3,1,17,1,1,3,6,0,0,0,0,0,1,0,0,0,0,0,0
353,0,3,1,15,1,1,3,6,0,0,0,0,0,1,0,0,0,0,0,0
593,0,3,1,47,0,0,1,6,0,0,0,0,0,1,0,0,0,0,0,0
27,1,3,1,27.26,0,0,3,6,0,0,0,0,0,1,0,0,0,0,0,0
526,0,3,1,40.5,0,0,2,6,0,0,0,0,0,1,0,0,0,0,0,0
689,1,3,1,18,0,0,1,6,0,0,0,0,0,1,0,0,0,0,0,0
429,1,3,1,27.26,0,0,2,6,0,0,0,0,0,1,0,0,0,0,0,0
826,0,3,1,27.26,0,0,2,6,0,0,0,0,0,1,0,0,0,0,0,0
644,0,3,1,22.27,0,0,1,12,0,0,0,0,0,0,0,0,0,0,0,1
87,1,3,1,16,1,3,1,6,0,0,0,0,0,1,0,0,0,0,0,0
704,0,3,1,25,0,0,2,6,0,0,0,0,0,1,0,0,0,0,0,0
761,0,3,1,27.26,0,0,1,6,0,0,0,0,0,1,0,0,0,0,0,0
421,0,3,1,27.26,0,0,3,6,0,0,0,0,0,1,0,0,0,0,0,0
589,0,3,1,22,0,0,1,6,0,0,0,0,0,1,0,0,0,0,0,0
166,0,3,1,9,0,2,1,12,0,0,0,0,0,0,0,0,0,0,0,1
549,0,3,1,33,1,1,1,6,0,0,0,0,0,1,0,0,0,0,0,0
466,0,3,1,38,0,0,1,6,0,0,0,0,0,1,0,0,0,0,0,0
481,0,3,1,9,5,2,1,6,0,0,0,0,0,1,0,0,0,0,0,0
387,0,3,1,1,5,2,1,6,0,0,0,0,0,1,0,0,0,0,0,0
60,0,3,1,11,5,2,1,6,0,0,0,0,0,1,0,0,0,0,0,0
684,0,3,1,14,5,2,1,6,0,0,0,0,0,1,0,0,0,0,0,0
223,0,3,1,51,0,0,1,6,0,0,0,0,0,1,0,0,0,0,0,0
770,0,3,1,32,0,0,1,6,0,0,0,0,0,1,0,0,0,0,0,0
877,1,3,1,20,0,0,1,6,0,0,0,0,0,1,0,0,0,0,0,0
105,0,3,1,37,2,0,1,6,0,0,0,0,0,1,0,0,0,0,0,0
393,0,3,1,28,2,0,1,6,0,0,0,0,0,1,0,0,0,0,0,0
380,0,3,1,19,0,0,1,6,0,0,0,0,0,1,0,0,0,0,0,0
452,0,3,1,27.26,1,0,1,6,0,0,0,0,0,1,0,0,0,0,0,0
491,1,3,1,27.26,1,0,1,6,0,0,0,0,0,1,0,0,0,0,0,0
404,0,3,1,28,1,0,1,6,0,0,0,0,0,1,0,0,0,0,0,0
442,1,3,1,20,0,0,1,6,0,0,0,0,0,1,0,0,0,0,0,0
297,1,3,1,23.5,0,0,3,6,0,0,0,0,0,1,0,0,0,0,0,0
861,0,3,1,41,2,0,1,6,0,0,0,0,0,1,0,0,0,0,0,0
705,0,3,1,26,1,0,1,6,0,0,0,0,0,1,0,0,0,0,0,0
624,1,3,1,21,0,0,1,6,0,0,0,0,0,1,0,0,0,0,0,0
786,0,3,1,25,0,0,1,6,0,0,0,0,0,1,0,0,0,0,0,0
412,1,3,1,27.26,0,0,2,6,0,0,0,0,0,1,0,0,0,0,0,0
732,0,3,1,11,0,0,3,6,0,0,0,0,0,1,0,0,0,0,0,0
805,0,3,1,27,0,0,1,12,0,0,0,0,0,0,0,0,0,0,0,1
314,1,3,1,28,0,0,1,6,0,0,0,0,0,1,0,0,0,0,0,0
819,1,3,1,43,0,0,1,6,0,0,0,0,0,1,0,0,0,0,0,0
614,1,3,1,27.26,0,0,2,6,0,0,0,0,0,1,0,0,0,0,0,0
700,1,3,1,42,0,0,1,6,0,0,0,0,0,1,0,0,0,0,0,0
799,1,3,1,30,0,0,3,6,0,0,0,0,0,1,0,0,0,0,0,0
739,0,3,1,27.26,0,0,1,6,0,0,0,0,0,1,0,0,0,0,0,0
456,1,3,1,29,0,0,3,12,0,0,0,0,0,0,0,0,0,0,0,1
392,1,3,1,21,0,0,1,12,0,0,0,0,0,0,0,0,0,0,0,1
612,0,3,1,27.26,0,0,1,6,0,0,0,0,0,1,0,0,0,0,0,0
641,0,3,1,20,0,0,1,6,0,0,0,0,0,1,0,0,0,0,0,0
772,0,3,1,48,0,0,1,6,0,0,0,0,0,1,0,0,0,0,0,0
722,0,3,1,17,1,0,1,6,0,0,0,0,0,1,0,0,0,0,0,0
445,0,3,1,22.27,0,0,1,12,0,0,0,0,0,0,0,0,0,0,0,1
203,0,3,1,34,0,0,1,6,0,0,0,0,0,1,0,0,0,0,0,0
396,0,3,1,22,0,0,1,6,0,0,0,0,0,1,0,0,0,0,0,0
104,0,3,1,33,0,0,1,6,0,0,0,0,0,1,0,0,0,0,0,0
806,0,3,1,31,0,0,1,6,0,0,0,0,0,1,0,0,0,0,0,0
870,1,3,1,4,1,1,1,12,0,0,0,0,0,0,0,0,0,0,0,1
598,0,3,1,49,0,0,1,6,0,0,0,0,0,1,0,0,0,0,0,0
720,1,3,1,33,0,0,1,6,0,0,0,0,0,1,0,0,0,0,0,0
303,1,3,1,19,0,0,1,6,0,0,0,0,0,1,0,0,0,0,0,0
784,0,3,1,27.26,1,2,1,6,0,0,0,0,0,1,0,0,0,0,0,0
754,1,3,1,23,0,0,1,6,0,0,0,0,0,1,0,0,0,0,0,0
570,0,3,1,32,0,0,1,12,0,0,0,0,0,0,0,0,0,0,0,1
580,0,3,1,32,0,0,1,12,0,0,0,0,0,0,0,0,0,0,0,1
434,0,3,1,17,0,0,1,6,0,0,0,0,0,1,0,0,0,0,0,0
653,0,3,1,21,0,0,1,6,0,0,0,0,0,1,0,0,0,0,0,0
607,1,3,1,30,0,0,1,6,0,0,0,0,0,1,0,0,0,0,0,0
479,1,3,1,22,0,0,1,6,0,0,0,0,0,1,0,0,0,0,0,0
525,1,3,1,27.26,0,0,3,6,0,0,0,0,0,1,0,0,0,0,0,0
791,1,3,1,27.26,0,0,2,6,0,0,0,0,0,1,0,0,0,0,0,0
471,0,3,1,27.26,0,0,1,6,0,0,0,0,0,1,0,0,0,0,0,0
697,1,3,1,44,0,0,1,6,0,0,0,0,0,1,0,0,0,0,0,0
215,0,3,1,27.26,1,0,2,6,0,0,0,0,0,1,0,0,0,0,0,0
779,1,3,1,27.26,0,0,2,6,0,0,0,0,0,1,0,0,0,0,0,0
70,1,3,1,26,2,0,1,6,0,0,0,0,0,1,0,0,0,0,0,0
176,0,3,1,18,1,1,1,6,0,0,0,0,0,1,0,0,0,0,0,0
43,0,3,1,27.26,0,0,3,6,0,0,0,0,0,1,0,0,0,0,0,0
523,1,3,1,27.26,0,0,3,6,0,0,0,0,0,1,0,0,0,0,0,0
879,1,3,1,27.26,0,0,1,6,0,0,0,0,0,1,0,0,0,0,0,0
693,1,3,1,22.27,0,0,1,12,0,0,0,0,0,0,0,0,0,0,0,1
827,0,3,1,27.26,0,0,1,6,0,0,0,0,0,1,0,0,0,0,0,0
510,0,3,1,26,0,0,1,12,0,0,0,0,0,0,0,0,0,0,0,1
714,1,3,1,29,0,0,1,6,0,0,0,0,0,1,0,0,0,0,0,0
232,1,3,1,29,0,0,1,6,0,0,0,0,0,1,0,0,0,0,0,0
554,1,3,1,22,0,0,3,12,0,0,0,0,0,0,0,0,0,0,0,1
177,0,3,1,27.26,3,1,1,6,0,0,0,0,0,1,0,0,0,0,0,0
637,1,3,1,32,0,0,1,6,0,0,0,0,0,1,0,0,0,0,0,0
844,0,3,1,34.5,0,0,3,6,0,0,0,0,0,1,0,0,0,0,0,0
47,0,3,1,27.26,1,0,2,6,0,0,0,0,0,1,0,0,0,0,0,0
180,1,3,1,36,0,0,1,6,0,0,0,0,0,1,0,0,0,0,0,0
812,0,3,1,39,0,0,1,6,0,0,0,0,0,1,0,0,0,0,0,0
771,0,3,1,24,0,0,1,6,0,0,0,0,0,1,0,0,0,0,0,0
606,0,3,1,36,1,0,1,6,0,0,0,0,0,1,0,0,0,0,0,0
665,1,3,1,20,1,0,1,12,0,0,0,0,0,0,0,0,0,0,0,1
170,0,3,1,28,0,0,1,6,0,0,0,0,0,1,0,0,0,0,0,0
254,0,3,1,30,1,0,1,6,0,0,0,0,0,1,0,0,0,0,0,0
228,0,3,1,20.5,0,0,1,6,0,0,0,0,0,1,0,0,0,0,0,0
822,1,3,1,27,0,0,1,12,0,0,0,0,0,0,0,0,0,0,0,1
632,1,3,1,51,0,0,1,6,0,0,0,0,0,1,0,0,0,0,0,0
128,1,3,1,24,0,0,1,12,0,0,0,0,0,0,0,0,0,0,0,1
244,1,3,1,22,0,0,1,6,0,0,0,0,0,1,0,0,0,0,0,0
465,0,3,1,27.26,0,0,1,6,0,0,0,0,0,1,0,0,0,0,0,0
37,0,3,1,22.27,0,0,3,12,0,0,0,0,0,0,0,0,0,0,0,1
848,0,3,1,35,0,0,3,6,0,0,0,0,0,1,0,0,0,0,0,0
882,0,3,1,33,0,0,1,6,0,0,0,0,0,1,0,0,0,0,0,0
829,0,3,1,22.27,0,0,2,12,0,0,0,0,0,0,0,0,0,0,0,1
302,0,3,1,22.27,2,0,2,12,0,0,0,0,0,0,0,0,0,0,0,1
719,0,3,1,27.26,0,0,2,6,0,0,0,0,0,1,0,0,0,0,0,0
127,0,3,1,27.26,0,0,2,6,0,0,0,0,0,1,0,0,0,0,0,0
744,0,3,1,24,1,0,1,6,0,0,0,0,0,1,0,0,0,0,0,0
153,1,3,1,55.5,0,0,1,6,0,0,0,0,0,1,0,0,0,0,0,0
197,0,3,1,27.26,0,0,2,6,0,0,0,0,0,1,0,0,0,0,0,0
295,0,3,1,24,0,0,1,6,0,0,0,0,0,1,0,0,0,0,0,0
106,0,3,1,28,0,0,1,6,0,0,0,0,0,1,0,0,0,0,0,0
651,0,3,1,27.26,0,0,1,6,0,0,0,0,0,1,0,0,0,0,0,0
76,0,3,1,25,0,0,1,6,0,0,0,0,0,1,0,0,0,0,0,0
752,0,3,1,6,0,1,1,12,0,0,0,0,0,0,0,0,0,0,0,1
122,0,3,1,27.26,0,0,1,6,0,0,0,0,0,1,0,0,0,0,0,0
769,0,3,1,27.26,1,0,2,6,0,0,0,0,0,1,0,0,0,0,0,0
6,0,3,1,27.26,0,0,2,6,0,0,0,0,0,1,0,0,0,0,0,0
462,0,3,1,34,0,0,1,6,0,0,0,0,0,1,0,0,0,0,0,0
561,0,3,1,27.26,0,0,2,6,0,0,0,0,0,1,0,0,0,0,0,0
108,0,3,1,22.27,0,0,1,12,0,0,0,0,0,0,0,0,0,0,0,1
66,0,3,1,22.27,1,1,3,12,0,0,0,0,0,0,0,0,0,0,0,1
710,0,3,1,22.27,1,1,3,12,0,0,0,0,0,0,0,0,0,0,0,1
78,0,3,1,27.26,0,0,1,6,0,0,0,0,0,1,0,0,0,0,0,0
590,0,3,1,27.26,0,0,1,6,0,0,0,0,0,1,0,0,0,0,0,0
776,0,3,1,18,0,0,1,6,0,0,0,0,0,1,0,0,0,0,0,0
288,0,3,1,22,0,0,1,6,0,0,0,0,0,1,0,0,0,0,0,0
623,1,3,1,20,1,1,3,12,0,0,0,0,0,0,0,0,0,0,0,1
740,1,3,1,27.26,0,0,1,6,0,0,0,0,0,1,0,0,0,0,0,0
224,1,3,1,27.26,0,0,1,6,0,0,0,0,0,1,0,0,0,0,0,0
126,0,3,1,12,1,0,3,12,0,0,0,0,0,0,0,0,0,0,0,1
762,0,3,1,41,0,0,1,6,0,0,0,0,0,1,0,0,0,0,0,0
401,0,3,1,39,0,0,1,12,0,0,0,0,0,0,0,0,0,0,0,1
52,0,3,1,21,0,0,1,6,0,0,0,0,0,1,0,0,0,0,0,0
58,0,3,1,28.5,0,0,3,6,0,0,0,0,0,1,0,0,0,0,0,0
327,0,3,1,61,0,0,1,6,0,0,0,0,0,1,0,0,0,0,0,0
365,1,3,1,27.26,1,0,2,6,0,0,0,0,0,1,0,0,0,0,0,0
553,0,3,1,27.26,0,0,2,6,0,0,0,0,0,1,0,0,0,0,0,0
630,0,3,1,27.26,0,0,2,6,0,0,0,0,0,1,0,0,0,0,0,0
460,0,3,1,27.26,0,0,2,6,0,0,0,0,0,1,0,0,0,0,0,0
351,0,3,1,23,0,0,1,6,0,0,0,0,0,1,0,0,0,0,0,0
509,0,3,1,28,0,0,1,6,0,0,0,0,0,1,0,0,0,0,0,0
198,0,3,1,42,0,1,1,6,0,0,0,0,0,1,0,0,0,0,0,0
155,0,3,1,27.26,0,0,1,6,0,0,0,0,0,1,0,0,0,0,0,0
282,0,3,1,28,0,0,1,6,0,0,0,0,0,1,0,0,0,0,0,0
683,0,3,1,20,0,0,1,6,0,0,0,0,0,1,0,0,0,0,0,0
726,0,3,1,20,0,0,1,6,0,0,0,0,0,1,0,0,0,0,0,0
139,0,3,1,16,0,0,1,6,0,0,0,0,0,1,0,0,0,0,0,0
8,0,3,1,2,3,1,1,6,0,0,0,0,0,1,0,0,0,0,0,0
165,0,3,1,1,4,1,1,6,0,0,0,0,0,1,0,0,0,0,0,0
51,0,3,1,7,4,1,1,6,0,0,0,0,0,1,0,0,0,0,0,0
825,0,3,1,2,4,1,1,6,0,0,0,0,0,1,0,0,0,0,0,0
267,0,3,1,16,4,1,1,6,0,0,0,0,0,1,0,0,0,0,0,0
687,0,3,1,14,4,1,1,6,0,0,0,0,0,1,0,0,0,0,0,0
837,0,3,1,21,0,0,1,6,0,0,0,0,0,1,0,0,0,0,0,0
576,0,3,1,19,0,0,1,6,0,0,0,0,0,1,0,0,0,0,0,0
585,0,3,1,27.26,0,0,3,6,0,0,0,0,0,1,0,0,0,0,0,0
520,0,3,1,32,0,0,1,6,0,0,0,0,0,1,0,0,0,0,0,0
455,0,3,1,27.26,0,0,1,6,0,0,0,0,0,1,0,0,0,0,0,0
116,0,3,1,21,0,0,1,6,0,0,0,0,0,1,0,0,0,0,0,0
213,0,3,1,22,0,0,1,6,0,0,0,0,0,1,0,0,0,0,0,0
268,0,3,1,25,1,0,1,12,0,0,0,0,0,0,0,0,0,0,0,1
878,0,3,1,19,0,0,1,6,0,0,0,0,0,1,0,0,0,0,0,0
102,0,3,1,27.26,0,0,1,6,0,0,0,0,0,1,0,0,0,0,0,0
443,0,3,1,25,1,0,1,6,0,0,0,0,0,1,0,0,0,0,0,0
430,0,3,1,32,0,0,1,12,0,0,0,0,0,0,0,0,0,0,0,1
385,0,3,1,27.26,0,0,1,6,0,0,0,0,0,1,0,0,0,0,0,0
657,1,3,1,27.26,0,0,1,6,0,0,0,0,0,1,0,0,0,0,0,0
860,0,3,1,27.26,0,0,3,6,0,0,0,0,0,1,0,0,0,0,0,0
251,0,3,1,27.26,0,0,1,6,0,0,0,0,0,1,0,0,0,0,0,0
109,1,3,1,38,0,0,1,6,0,0,0,0,0,1,0,0,0,0,0,0
172,1,3,1,4,4,1,2,6,0,0,0,0,0,1,0,0,0,0,0,0
279,0,3,1,7,4,1,2,6,0,0,0,0,0,1,0,0,0,0,0,0
17,0,3,1,2,4,1,2,6,0,0,0,0,0,1,0,0,0,0,0,0
788,0,3,1,8,4,1,2,6,0,0,0,0,0,1,0,0,0,0,0,0
591,0,3,1,35,0,0,1,6,0,0,0,0,0,1,0,0,0,0,0,0
539,1,3,1,27.26,0,0,1,6,0,0,0,0,0,1,0,0,0,0,0,0
46,0,3,1,27.26,0,0,1,6,0,0,0,0,0,1,0,0,0,0,0,0
668,0,3,1,27.26,0,0,1,6,0,0,0,0,0,1,0,0,0,0,0,0
425,0,3,1,18,1,1,1,6,0,0,0,0,0,1,0,0,0,0,0,0
483,0,3,1,50,0,0,1,6,0,0,0,0,0,1,0,0,0,0,0,0
575,0,3,1,16,0,0,1,6,0,0,0,0,0,1,0,0,0,0,0,0
518,0,3,1,27.26,0,0,2,6,0,0,0,0,0,1,0,0,0,0,0,0
833,0,3,1,27.26,0,0,3,6,0,0,0,0,0,1,0,0,0,0,0,0
694,1,3,1,25,0,0,3,6,0,0,0,0,0,1,0,0,0,0,0,0
389,0,3,1,27.26,0,0,2,6,0,0,0,0,0,1,0,0,0,0,0,0
160,0,3,1,27.26,8,2,1,6,0,0,0,0,0,1,0,0,0,0,0,0
847,0,3,1,27.26,8,2,1,6,0,0,0,0,0,1,0,0,0,0,0,0
202,0,3,1,27.26,8,2,1,6,0,0,0,0,0,1,0,0,0,0,0,0
325,0,3,1,27.26,8,2,1,6,0,0,0,0,0,1,0,0,0,0,0,0
529,0,3,1,39,0,0,1,6,0,0,0,0,0,1,0,0,0,0,0,0
49,0,3,1,27.26,2,0,3,6,0,0,0,0,0,1,0,0,0,0,0,0
13,0,3,1,20,0,0,1,6,0,0,0,0,0,1,0,0,0,0,0,0
677,0,3,1,24.5,0,0,1,6,0,0,0,0,0,1,0,0,0,0,0,0
469,0,3,1,27.26,0,0,2,6,0,0,0,0,0,1,0,0,0,0,0,0
411,0,3,1,27.26,0,0,1,6,0,0,0,0,0,1,0,0,0,0,0,0
82,0,3,1,29,0,0,1,12,0,0,0,0,0,0,0,0,0,0,0,1
498,0,3,1,27.26,0,0,1,6,0,0,0,0,0,1,0,0,0,0,0,0
96,0,3,1,27.26,0,0,1,6,0,0,0,0,0,1,0,0,0,0,0,0
564,1,3,1,27.26,0,0,1,6,0,0,0,0,0,1,0,0,0,0,0,0
61,0,3,1,22,0,0,3,6,0,0,0,0,0,1,0,0,0,0,0,0
838,0,3,1,27.26,0,0,1,6,0,0,0,0,0,1,0,0,0,0,0,0
562,0,3,1,40,0,0,1,6,0,0,0,0,0,1,0,0,0,0,0,0
174,1,3,1,21,0,0,1,6,0,0,0,0,0,1,0,0,0,0,0,0
64,0,3,1,4,3,2,1,6,0,0,0,0,0,1,0,0,0,0,0,0
820,0,3,1,10,3,2,1,6,0,0,0,0,0,1,0,0,0,0,0,0
361,1,3,1,40,1,4,1,6,0,0,0,0,0,1,0,0,0,0,0,0
602,1,3,1,27.26,0,0,1,6,0,0,0,0,0,1,0,0,0,0,0,0
88,0,3,1,27.26,0,0,1,6,0,0,0,0,0,1,0,0,0,0,0,0
159,0,3,1,27.26,0,0,1,6,0,0,0,0,0,1,0,0,0,0,0,0
261,0,3,1,27.26,0,0,2,6,0,0,0,0,0,1,0,0,0,0,0,0
716,0,3,1,19,0,0,1,6,0,0,0,0,0,1,0,0,0,0,0,0
489,1,3,1,30,0,0,1,6,0,0,0,0,0,1,0,0,0,0,0,0
77,0,3,1,27.26,0,0,1,6,0,0,0,0,0,1,0,0,0,0,0,0
286,1,3,1,33,0,0,3,6,0,0,0,0,0,1,0,0,0,0,0,0
495,0,3,1,21,0,0,1,6,0,0,0,0,0,1,0,0,0,0,0,0
567,0,3,1,19,0,0,1,6,0,0,0,0,0,1,0,0,0,0,0,0
745,0,3,1,31,0,0,1,12,0,0,0,0,0,0,0,0,0,0,0,1
221,0,3,1,16,0,0,1,12,0,0,0,0,0,0,0,0,0,0,0,1
415,0,3,1,44,0,0,1,12,0,0,0,0,0,0,0,0,0,0,0,1
885,1,3,1,25,0,0,1,6,0,0,0,0,0,1,0,0,0,0,0,0
852,0,3,1,74,0,0,1,6,0,0,0,0,0,1,0,0,0,0,0,0
500,1,3,1,24,0,0,1,6,0,0,0,0,0,1,0,0,0,0,0,0
759,0,3,1,34,0,0,1,6,0,0,0,0,0,1,0,0,0,0,0,0
804,1,3,1,0.42,0,1,3,12,0,0,0,0,0,0,0,0,0,0,0,1
640,1,3,1,27.26,1,0,1,6,0,0,0,0,0,1,0,0,0,0,0,0
383,0,3,1,32,0,0,1,6,0,0,0,0,0,1,0,0,0,0,0,0
777,0,3,1,27.26,0,0,2,6,0,0,0,0,0,1,0,0,0,0,0,0
30,0,3,1,27.26,0,0,1,6,0,0,0,0,0,1,0,0,0,0,0,0
815,0,3,1,30.5,0,0,1,6,0,0,0,0,0,1,0,0,0,0,0,0
604,0,3,1,44,0,0,1,6,0,0,0,0,0,1,0,0,0,0,0,0
272,0,3,1,25,0,0,1,12,0,0,0,0,0,0,0,0,0,0,0,1
532,0,3,1,27.26,0,0,3,6,0,0,0,0,0,1,0,0,0,0,0,0
190,0,3,1,36,0,0,1,6,0,0,0,0,0,1,0,0,0,0,0,0
154,0,3,1,40.5,0,2,1,6,0,0,0,0,0,1,0,0,0,0,0,0
596,0,3,1,36,1,1,1,6,0,0,0,0,0,1,0,0,0,0,0,0
869,0,3,1,27.26,0,0,1,6,0,0,0,0,0,1,0,0,0,0,0,0
753,0,3,1,33,0,0,1,6,0,0,0,0,0,1,0,0,0,0,0,0
201,0,3,1,28,0,0,1,6,0,0,0,0,0,1,0,0,0,0,0,0
356,0,3,1,28,0,0,1,6,0,0,0,0,0,1,0,0,0,0,0,0
874,0,3,1,47,0,0,1,6,0,0,0,0,0,1,0,0,0,0,0,0
334,0,3,1,16,2,0,1,6,0,0,0,0,0,1,0,0,0,0,0,0
522,0,3,1,22,0,0,1,6,0,0,0,0,0,1,0,0,0,0,0,0
81,0,3,1,22,0,0,1,6,0,0,0,0,0,1,0,0,0,0,0,0
512,0,3,1,27.26,0,0,1,6,0,0,0,0,0,1,0,0,0,0,0,0
407,0,3,1,51,0,0,1,6,0,0,0,0,0,1,0,0,0,0,0,0
372,0,3,1,18,1,0,1,6,0,0,0,0,0,1,0,0,0,0,0,0
649,0,3,1,27.26,0,0,1,6,0,0,0,0,0,1,0,0,0,0,0,0
305,0,3,1,27.26,0,0,1,6,0,0,0,0,0,1,0,0,0,0,0,0
736,0,3,1,28.5,0,0,1,6,0,0,0,0,0,1,0,0,0,0,0,0
492,1,3,1,21,0,0,1,6,0,0,0,0,0,1,0,0,0,0,0,0
426,0,3,1,27.26,0,0,1,6,0,0,0,0,0,1,0,0,0,0,0,0
621,0,3,1,27,1,0,3,6,0,0,0,0,0,1,0,0,0,0,0,0
204,0,3,1,45.5,0,0,3,6,0,0,0,0,0,1,0,0,0,0,0,0
355,0,3,1,27.26,0,0,3,6,0,0,0,0,0,1,0,0,0,0,0,0
496,0,3,1,27.26,0,0,3,6,0,0,0,0,0,1,0,0,0,0,0,0
423,0,3,1,29,0,0,1,6,0,0,0,0,0,1,0,0,0,0,0,0
